ACTIVITY DATE,OWNER ID,OWNER NAME,FACILITY ID,FACILITY NAME,RECORD ID,PROGRAM NAME,PROGRAM STATUS,PROGRAM ELEMENT,PE DESCRIPTION,FACILITY ADDRESS,FACILITY CITY,FACILITY STATE,FACILITY ZIP,SERVICE CODE,SERVICE DESCRIPTION,SCORE,GRADE,SERIAL NUMBER,EMPLOYEE ID
06/30/2026,OW0366632,LIMKAOLIDA CORPORATION,FA0402202,5TH AVE BAGELRY,PR0369192,5TH AVE BAGELRY,ACTIVE,1631,RESTAURANT (0-30) SEATS MODERATE RISK,16228 WHITTIER BLVD,WHITTIER,CA,90603,001,ROUTINE INSPECTION,94,A,DA6111890,EE0001499
06/30/2026,OW0235443,THE THREE REPRESENTATIVE CORP,FA0239083,7 POT,PR0187034,7 POT,ACTIVE,1635,RESTAURANT (31-60) SEATS HIGH RISK,625 S BARRANCA AVE,COVINA,CA,91723,001,ROUTINE INSPECTION,82,B,DA6113939,EE0001306
06/30/2026,OW0308583,ISAPUR RETAIL LLC,FA0402131,7-ELEVEN 38041B,PR0369119,7-ELEVEN 38041B,ACTIVE,1613,"FOOD MKT RETAIL (2,000+ SF) LOW RISK",1328 SAN GABRIEL BLVD,ROSEMEAD,CA,91770,001,ROUTINE INSPECTION,96,A,DA6113780,EE0001494
06/30/2026,OW0366356,KB BROTHERS INC,FA0401880,7-ELEVEN STORE 17184G,PR0368822,7-ELEVEN STORE 17184G,ACTIVE,1610,"FOOD MKT RETAIL (1-1,999 SF) LOW RISK",10437 WHITTIER BLVD,WHITTIER,CA,90606,001,ROUTINE INSPECTION,95,A,DA6111849,EE0001429
06/30/2026,OW0266373,"ALEBRIJES MEXICAN GRILL, INC",FA0277300,ALEBRIJES MEXICAN GRILL,PR0231082,ALEBRIJES MEXICAN GRILL,ACTIVE,1635,RESTAURANT (31-60) SEATS HIGH RISK,102 W 7TH ST,LOS ANGELES,CA,90014,001,ROUTINE INSPECTION,90,A,DA6113541,EE0001663
06/30/2026,OW0101436,"NMAB ENTERPRISES, INC",FA0138028,ALICIA'S BIRRIERIA,PR0122257,ALICIA'S BIRRIERIA,ACTIVE,1632,RESTAURANT (0-30) SEATS HIGH RISK,1025 TRUMAN ST,SAN FERNANDO,CA,91340,001,ROUTINE INSPECTION,97,A,DA6111507,EE0000476
06/30/2026,OW0006417,"CASBURN, JAMES ET AL",FA0006056,ALTADENA ALE HOUSE CORP,PR0034208,ALTADENA ALE HOUSE CORP,ACTIVE,1634,RESTAURANT (31-60) SEATS MODERATE RISK,2329 FAIR OAKS AVE,ALTADENA,CA,91001,001,ROUTINE INSPECTION,98,A,DA6112276,EE0000242
06/30/2026,OW0121724,ANGELES CREST CHRISTIAN CAMP,FA0156429,ANGELES CREST CHRISTIAN CAMP,PR0271947,ANGELES CREST CHRISTIAN CAMP KITCHEN,ACTIVE,1631,RESTAURANT (0-30) SEATS MODERATE RISK,20075 ANGELES CREST HWY STE 190,PALMDALE,CA,93550,001,ROUTINE INSPECTION,90,A,DA6115491,EE0000912
06/30/2026,OW0262002,APGUJUNE INC,FA0272256,APGUJUNG INC,PR0225060,APGUJUNG INC,ACTIVE,1635,RESTAURANT (31-60) SEATS HIGH RISK,20627 GOLDEN SPRINGS DR # 2-F,DIAMOND BAR,CA,91789,001,ROUTINE INSPECTION,90,A,DA6113542,EE0001431
06/30/2026,OW0030028,"REYES, ERASMO H ET AL",FA0004854,BAMBOO EXPRESS,PR0012708,BAMBOO EXPRESS,ACTIVE,1632,RESTAURANT (0-30) SEATS HIGH RISK,600 S ALVARADO ST # 107-8,LOS ANGELES,CA,90057,001,ROUTINE INSPECTION,94,A,DA6113830,EE0001662
06/30/2026,OW0003977,BARNES & NOBLE BOOKSELLERS INC,FA0058027,BARNES & NOBLE CAFE,PR0006657,BARNES & NOBLE CAFE,ACTIVE,1634,RESTAURANT (31-60) SEATS MODERATE RISK,189 THE GROVE DR STE #K-30,LOS ANGELES,CA,90036,001,ROUTINE INSPECTION,95,A,DA6112258,EE0001632
06/30/2026,OW0305547,BASIL THAI CA LLC,FA0330146,BASIL THAI CA LLC,PR0290393,BASIL THAI KITCHEN,ACTIVE,1632,RESTAURANT (0-30) SEATS HIGH RISK,9301 TAMPA AVE FC3,NORTHRIDGE,CA,91324,001,ROUTINE INSPECTION,95,A,DA6112248,EE0000207
06/30/2026,OW0254917,VARMAN INC,FA0263614,BASKIN ROBBINS,PR0214545,BASKIN ROBBINS,ACTIVE,1631,RESTAURANT (0-30) SEATS MODERATE RISK,10212 ALONDRA BLVD,BELLFLOWER,CA,90706,001,ROUTINE INSPECTION,98,A,DA6116970,EE0001507
06/30/2026,OW0365496,DINO MART AVALON LLC,FA0400913,BEST SMOKE SHOP,PR0367710,BEST SMOKE SHOP,ACTIVE,1610,"FOOD MKT RETAIL (1-1,999 SF) LOW RISK",1855 W MANCHESTER AVE 107,LOS ANGELES,CA,90047,001,ROUTINE INSPECTION,97,A,DA6110453,EE0001640
06/30/2026,OW0006872,"CHAHINE, ALI",FA0009503,BIG AL'S PIZZERIA,PR0017644,BIG AL'S PIZZERIA,ACTIVE,1631,RESTAURANT (0-30) SEATS MODERATE RISK,6044 ATLANTIC BLVD,MAYWOOD,CA,90270,001,ROUTINE INSPECTION,90,A,DA6111058,EE0001261
06/30/2026,OW0004721,BILTMORE PLACE OPERATIONS CO,FA0058395,BILTMORE HOTEL GRAND AVE BAR,PR0035567,SMERALDI'S,ACTIVE,1641,RESTAURANT (151 + ) SEATS HIGH RISK,506 S GRAND AVE,LOS ANGELES,CA,90071,001,ROUTINE INSPECTION,97,A,DA6111392,EE0000136
06/30/2026,OW0004721,BILTMORE PLACE OPERATIONS CO,FA0058395,BILTMORE HOTEL GRAND AVE BAR,PR0019067,MAIN KITCHEN,ACTIVE,1641,RESTAURANT (151 + ) SEATS HIGH RISK,506 S GRAND AVE,LOS ANGELES,CA,90071,001,ROUTINE INSPECTION,98,A,DA6111345,EE0000136
06/30/2026,OW0004721,BILTMORE PLACE OPERATIONS CO,FA0058395,BILTMORE HOTEL GRAND AVE BAR,PR0046914,BILTMORE HOTEL GALLERY BAR,ACTIVE,1633,RESTAURANT (31-60) SEATS LOW RISK,506 S GRAND AVE,LOS ANGELES,CA,90071,001,ROUTINE INSPECTION,92,A,DA6111235,EE0000136
06/30/2026,OW0004721,BILTMORE PLACE OPERATIONS CO,FA0058395,BILTMORE HOTEL GRAND AVE BAR,PR0036645,BILTMORE HOTEL BAKE SHOP,ACTIVE,1631,RESTAURANT (0-30) SEATS MODERATE RISK,506 S GRAND AVE,LOS ANGELES,CA,90071,001,ROUTINE INSPECTION,100,A,DA6111387,EE0000136
06/30/2026,OW0004721,BILTMORE PLACE OPERATIONS CO,FA0058395,BILTMORE HOTEL GRAND AVE BAR,PR0004444,BILTMORE HOTEL- BERNARDS,ACTIVE,1640,RESTAURANT (151 + ) SEATS MODERATE RISK,506 S GRAND AVE,LOS ANGELES,CA,90071,001,ROUTINE INSPECTION,96,A,DA6111379,EE0000136
06/30/2026,OW0267963,BL 11601 WILSHIRE CA LLC,FA0279197,BLUESTONE LANE,PR0233369,BLUESTONE LANE,ACTIVE,1631,RESTAURANT (0-30) SEATS MODERATE RISK,11601 WILSHIRE BLVD,LOS ANGELES,CA,90025,001,ROUTINE INSPECTION,95,A,DA6112410,EE0001565
06/30/2026,OW0016382,HOST INTERNATIONAL INC,FA0138436,BORDER GRILL,PR0122754,BORDER GRILL,ACTIVE,1638,RESTAURANT (61-150) SEATS HIGH RISK,380 WORLD WAY T38,LOS ANGELES,CA,90045,001,ROUTINE INSPECTION,96,A,DA6112025,EE0000268
06/30/2026,OW0365225,BDB CALIFORNIA LLC,FA0400537,BUCA DI BEPPO,PR0367276,BUCA DI BEPPO,ACTIVE,1641,RESTAURANT (151 + ) SEATS HIGH RISK,1670 S PACIFIC COAST HWY,REDONDO BEACH,CA,90277,001,ROUTINE INSPECTION,91,A,DA6112332,EE0000486
06/30/2026,OW0016238,HONG EUN CHONG INC,FA0006953,CAFE SEOUL NANDARANG,PR0020642,CAFE SEOUL NANDARANG,ACTIVE,1638,RESTAURANT (61-150) SEATS HIGH RISK,3815 W 6TH ST,LOS ANGELES,CA,90020,001,ROUTINE INSPECTION,94,A,DA6112663,EE0001520
06/30/2026,OW0003866,"BANDERAS, FERNANDO",FA0012088,CAKES BY MARCE,PR0013470,CAKES BY MARCE,ACTIVE,1631,RESTAURANT (0-30) SEATS MODERATE RISK,7415 STATE ST,HUNTINGTON PARK,CA,90255,001,ROUTINE INSPECTION,96,A,DA6111767,EE0001219
06/30/2026,OW0290008,"CALI PHO NIA, INC",FA0308648,CALI PHO NIA,PR0267032,CALI PHO NIA,ACTIVE,1635,RESTAURANT (31-60) SEATS HIGH RISK,425 S WESTERN AVE STE A-B,LOS ANGELES,CA,90020,001,ROUTINE INSPECTION,94,A,DA6112507,EE0001520
06/30/2026,OW0116369,THE SALVATION ARMY,FA0150641,CAMP GILMORE,PR0274554,CAMP GILMORE KITCHEN,ACTIVE,1631,RESTAURANT (0-30) SEATS MODERATE RISK,26801 DOROTHY DR,CALABASAS,CA,91302,001,ROUTINE INSPECTION,95,A,DA6111461,EE0000685
06/30/2026,OW0260781,CITY OF LOS ANGELES DEPT OF RECREATION & PARKS,FA0270820,CAMP HOLLYWOODLAND,PR0272704,CAMP HOLLYWOODLAND KITCHEN,ACTIVE,1631,RESTAURANT (0-30) SEATS MODERATE RISK,3200 CANYON DR,LOS ANGELES,CA,90068,001,ROUTINE INSPECTION,95,A,DA6110599,EE0000828
06/30/2026,OW0006463,"CASTANEDA, ARTURO M",FA0059244,CARNICERIA GUADALAJARA,PR0026812,CARNICERIA GUADALAJARA,ACTIVE,1615,"FOOD MKT RETAIL (2,000+ SF) HIGH RISK",7876 SEVILLE AVE,HUNTINGTON PARK,CA,90255,001,ROUTINE INSPECTION,95,A,DA6111577,EE0001219
06/30/2026,OW0257780,PRESTIGE WORLDWIDE AK LLC,FA0267157,CHA CHA MATCHA,PR0218541,CHA CHA MATCHA,ACTIVE,1630,RESTAURANT (0-30) SEATS LOW RISK,510 N ROBERTSON BLVD,WEST HOLLYWOOD,CA,90048,001,ROUTINE INSPECTION,95,A,DA6113533,EE0001666
06/30/2026,OW0243704,"BOULANGERIES DE PARIS, LLC",FA0008493,CHAUMONT,PR0029028,CHAUMONT,ACTIVE,1635,RESTAURANT (31-60) SEATS HIGH RISK,143 S BEVERLY DR,BEVERLY HILLS,CA,90212,001,ROUTINE INSPECTION,90,A,DA6113071,EE0001658
06/30/2026,OW0016382,HOST INTERNATIONAL INC,FA0138165,CHAYA SUSHI,PR0122409,CHAYA SUSHI,ACTIVE,1632,RESTAURANT (0-30) SEATS HIGH RISK,380 WORLD WAY T44,LOS ANGELES,CA,90045,001,ROUTINE INSPECTION,96,A,DA6111938,EE0000268
06/30/2026,OW0366601,QUATTRO STAGIONI LLC,FA0402166,CHE MANGI,PR0369155,CHE MANGI,ACTIVE,1632,RESTAURANT (0-30) SEATS HIGH RISK,312 N GLENOAKS BLVD,BURBANK,CA,91502,001,ROUTINE INSPECTION,99,A,DA6111943,EE0001237
06/30/2026,OW0263635,ROSALYN LY & NAVY HAS LY,FA0274143,CHERRI'S DONUTS PLUS,PR0227287,CHERRI'S DONUTS PLUS,ACTIVE,1631,RESTAURANT (0-30) SEATS MODERATE RISK,10216 ALONDRA BLVD,BELLFLOWER,CA,90706,001,ROUTINE INSPECTION,95,A,DA6116984,EE0001507
06/30/2026,OW0180604,LHC FOOD & BEVERAGE LLC,FA0173852,CINEPOLIS,PR0166663,CINEPOLIS - RESTAURANT,ACTIVE,1631,RESTAURANT (0-30) SEATS MODERATE RISK,8540 E WHITTIER BLVD,PICO RIVERA,CA,90660,001,ROUTINE INSPECTION,90,A,DA6112586,EE0001482
06/30/2026,OW0366537,CORLEONE PIZZA INC,FA0402091,CORLEONE PIZZA INC,PR0369057,RESTAURANT,ACTIVE,1632,RESTAURANT (0-30) SEATS HIGH RISK,310 W 7TH ST,LOS ANGELES,CA,90014,001,ROUTINE INSPECTION,92,A,DA6113531,EE0001663
06/30/2026,OW0128228,RYAN LADAN & ASSOCIATES LLC,FA0164927,CRAB BOIL AVE,PR0153221,CRAB BOIL AVE,ACTIVE,1641,RESTAURANT (151 + ) SEATS HIGH RISK,900 N CENTRAL AVE,GLENDALE,CA,91203,001,ROUTINE INSPECTION,93,A,DA6113558,EE0001432
06/30/2026,OW0329576,ICE CREAM DELIGHTS LLC,FA0356446,CRAZY DELIGHTS,PR0317509,CRAZY DELIGHTS,ACTIVE,1631,RESTAURANT (0-30) SEATS MODERATE RISK,1648 INDIAN HILL,POMONA,CA,91767,001,ROUTINE INSPECTION,95,A,DA6112210,EE0001266
06/30/2026,OW0326498,"CRUMBLE PATISSERIE, INC",FA0352798,CRUMBLE PATISSERIE,PR0313599,CRUMBLE PATISSERIE,ACTIVE,1630,RESTAURANT (0-30) SEATS LOW RISK,350 N GLENDALE AVE # E,GLENDALE,CA,91206,001,ROUTINE INSPECTION,91,A,DA6112456,EE0000424
06/30/2026,OW0288019,DAGOBERTO GARCIA FRANCO,FA0305954,DELICIAS MEXICAN FOOD,PR0264019,DELICIAS MEXICAN FOOD,ACTIVE,1632,RESTAURANT (0-30) SEATS HIGH RISK,2076 E 103RD ST,LOS ANGELES,CA,90002,001,ROUTINE INSPECTION,77,C,DA6113257,EE0001508
06/30/2026,OW0023801,MAVOPIAN JOHN,FA0019964,DUNES RESTAURANT,PR0022540,DUNES RESTAURANT,ACTIVE,1638,RESTAURANT (61-150) SEATS HIGH RISK,5625 W SUNSET BLVD,LOS ANGELES,CA,90028,001,ROUTINE INSPECTION,100,A,DA6117402,EE0000997
06/30/2026,OW0245960,EATON ALTADENA GOLF LLC,FA0252308,EATON CANYON GOLF COURSE,PR0201564,EATON CANYON GOLF COURSE,ACTIVE,1634,RESTAURANT (31-60) SEATS MODERATE RISK,1150 SIERRA MADRE VILLA AVE,PASADENA,CA,91107,001,ROUTINE INSPECTION,91,A,DA6114435,EE0000242
06/30/2026,OW0121826,ISAURA T LOWE,FA0156530,EL DIAMANTE BAR,PR0144202,EL DIAMANTE BAR,ACTIVE,1630,RESTAURANT (0-30) SEATS LOW RISK,331 E MISSION BLVD,POMONA,CA,91766,001,ROUTINE INSPECTION,93,A,DA6112435,EE0001266
06/30/2026,OW0251416,EL FARO TACOS RESTAR INC,FA0259414,EL FARO TACOS RESTAURANT,PR0209600,EL FARO TACOS RESTAURANT,ACTIVE,1632,RESTAURANT (0-30) SEATS HIGH RISK,13261 MACLAY ST,SAN FERNANDO,CA,91340,001,ROUTINE INSPECTION,94,A,DA6112246,EE0001316
06/30/2026,OW0290836,FMJJ INC,FA0309656,EL POLLO LOCO #3896,PR0268140,EL POLLO LOCO #3896,ACTIVE,1635,RESTAURANT (31-60) SEATS HIGH RISK,8601 SANTA MONICA BLVD,WEST HOLLYWOOD,CA,90069,001,ROUTINE INSPECTION,96,A,DA6111941,EE0001546
06/30/2026,OW0010868,EL POLLO LOCO INC,FA0021111,EL POLLO LOCO #5902,PR0037683,EL POLLO LOCO #5902,ACTIVE,1635,RESTAURANT (31-60) SEATS HIGH RISK,5300 W CENTINELA AVE,LOS ANGELES,CA,90045,001,ROUTINE INSPECTION,92,A,DA6111900,EE0001164
06/30/2026,OW0129935,COMPASS USA INC,FA0166843,EMIRATES LOUNGE,PR0157171,EMIRATES LOUNGE,ACTIVE,1638,RESTAURANT (61-150) SEATS HIGH RISK,380 WORLD WAY BOX S-7,LOS ANGELES,CA,90045,001,ROUTINE INSPECTION,98,A,DA6111984,EE0000268
06/30/2026,OW0365499,GREEN BAMBOO LLC,FA0400916,FANHUA BLOSSOM,PR0367714,FANHUA BLOSSOM,ACTIVE,1631,RESTAURANT (0-30) SEATS MODERATE RISK,848 E GARVEY AVE # D,MONTEREY PARK,CA,91755,001,ROUTINE INSPECTION,95,A,DA6111825,EE0001534
06/30/2026,OW0271796,"MARINA FAT TOMATO, INC",FA0284358,FAT TOMATO,PR0239554,FAT TOMATO,ACTIVE,1632,RESTAURANT (0-30) SEATS HIGH RISK,13352 W WASHINGTON BLVD,LOS ANGELES,CA,90066,001,ROUTINE INSPECTION,92,A,DA6113433,EE0001430
06/30/2026,OW0124173,GOLDEN ROAD FOOD SERVICES,FA0159148,FRESH BROTHERS,PR0147214,FRESH BROTHERS,ACTIVE,1634,RESTAURANT (31-60) SEATS MODERATE RISK,8613 W SANTA MONICA BLVD,WEST HOLLYWOOD,CA,90069,001,ROUTINE INSPECTION,90,A,DA6112010,EE0001546
06/30/2026,OW0328259,"GABIN LA, INC",FA0354843,GABIN KOREAN GRILL,PR0315736,GABIN KOREAN GRILL,ACTIVE,1638,RESTAURANT (61-150) SEATS HIGH RISK,400 S WESTERN AVE,LOS ANGELES,CA,9002-,001,ROUTINE INSPECTION,98,A,DA6112270,EE0001520
06/30/2026,OW0252063,FRANCISCO MARCOS RODRIGUEZ,FA0260189,GRAND FISH TACOS & CEVICHE,PR0210542,GRAND FISH TACOS & CEVICHE,ACTIVE,1635,RESTAURANT (31-60) SEATS HIGH RISK,15410 S WESTERN AVE UNIT A,GARDENA,CA,90250,001,ROUTINE INSPECTION,90,A,DA6112259,EE0001299
06/30/2026,OW0115929,ZARCO HOTEL MANAGEMENT,FA0150255,HOLLYWOOD HOTEL,PR0366913,BREAKFAST KITCHEN - HOLLYWOOD HOTEL,ACTIVE,1635,RESTAURANT (31-60) SEATS HIGH RISK,1160 N VERMONT AVE,LOS ANGELES,CA,90029,001,ROUTINE INSPECTION,96,A,DA6117418,EE0000997
06/30/2026,OW0243592,YOON SHIN LEE,FA0249320,HOUSE OF BOBA,PR0198049,HOUSE OF BOBA,ACTIVE,1632,RESTAURANT (0-30) SEATS HIGH RISK,5930 S MAIN ST,LOS ANGELES,CA,90003,001,ROUTINE INSPECTION,81,B,DA6111484,EE0001615
06/30/2026,OW0002172,ALISAL VENTURES LLC,FA0063833,IHOP RESTAURANT #782,PR0033387,IHOP #782,ACTIVE,1638,RESTAURANT (61-150) SEATS HIGH RISK,8600 S SEPULVEDA BLVD # #0000,LOS ANGELES,CA,90045,001,ROUTINE INSPECTION,90,A,DA6118188,EE0001590
06/30/2026,OW0034376,SUNRISE FOODS LLC,FA0029956,JACK IN THE BOX #291,PR0012574,JACK IN THE BOX #291,ACTIVE,1634,RESTAURANT (31-60) SEATS MODERATE RISK,10701 VENICE BLVD,LOS ANGELES,CA,90034,001,ROUTINE INSPECTION,83,B,DA6113391,EE0001574
06/30/2026,OW0276409,"JM FOODS, INC",FA0291481,JERSEY MIKE'S SUBS,PR0247339,JERSEY MIKE'S SUBS,ACTIVE,1634,RESTAURANT (31-60) SEATS MODERATE RISK,4114 SEPULVEDA BLVD STE H,CULVER CITY,CA,90230,001,ROUTINE INSPECTION,97,A,DA6117611,EE0001452
06/30/2026,OW0326015,TRINITYX INC,FA0352245,K-ZONE,PR0313001,K-ZONE,ACTIVE,1637,RESTAURANT (61-150) SEATS MODERATE RISK,865 S VERMONT AVE,LOS ANGELES,CA,90005,001,ROUTINE INSPECTION,80,B,DA6114317,EE0001591
06/30/2026,OW0291447,KICKIN' FISH & CHICKEN,FA0310421,KICKIN FISH & CHICKEN,PR0268978,KICKIN FISH & CHICKEN,ACTIVE,1632,RESTAURANT (0-30) SEATS HIGH RISK,8622 S SEPULVEDA BLVD,LOS ANGELES,CA,90045,001,ROUTINE INSPECTION,90,A,DA6118209,EE0001590
06/30/2026,OW0021928,LITTERATI CAFE LLC,FA0022212,LITERATI CAFE,PR0015519,LITERATI CAFE,ACTIVE,1635,RESTAURANT (31-60) SEATS HIGH RISK,12081 WILSHIRE BLVD,LOS ANGELES,CA,90025,001,ROUTINE INSPECTION,94,A,DA6112447,EE0001565
06/30/2026,OW0365372,HARVEST CUISINE,FA0400775,LU'S GARDEN,PR0367562,LU'S GARDEN,ACTIVE,1638,RESTAURANT (61-150) SEATS HIGH RISK,534 E VALLEY BLVD 12,SAN GABRIEL,CA,91776,001,ROUTINE INSPECTION,90,A,DA6111775,EE0001534
06/30/2026,OW0365491,KAZI SABBIR AHMMAD,FA0400907,M&M MARKET,PR0367704,M&M MARKET,ACTIVE,1610,"FOOD MKT RETAIL (1-1,999 SF) LOW RISK",3358 DEL MAR AVE,ROSEMEAD,CA,91770,001,ROUTINE INSPECTION,93,A,DA6111648,EE0001534
06/30/2026,OW0277045,MACLAY CONVENIENCE CENTER INC,FA0292255,MACLAY SHELL & CIRCLE K,PR0248234,MACLAY SHELL & CIRCLE K,ACTIVE,1615,"FOOD MKT RETAIL (2,000+ SF) HIGH RISK",1203 N MACLAY AVE,SAN FERNANDO,CA,91340,001,ROUTINE INSPECTION,95,A,DA6111959,EE0001316
06/30/2026,OW0285778,PENZ LLC,FA0303100,MAIN SQUEEZE SANTA MONICA,PR0260797,MAIN SQUEEZE SANTA MONICA,ACTIVE,1631,RESTAURANT (0-30) SEATS MODERATE RISK,2727 MAIN ST STE B,SANTA MONICA,CA,90405,401,OWNER INITIATED INSPECTION,90,A,DA6113293,EE0001574
06/30/2026,OW0257594,"JONES MANAGEMENT MC DONALD'S FLORENCE, INC",FA0266921,MC DONALD'S,PR0218292,MC DONALD'S,ACTIVE,1637,RESTAURANT (61-150) SEATS MODERATE RISK,2931 E FLORENCE AVE,HUNTINGTON PARK,CA,90255,001,ROUTINE INSPECTION,94,A,DA6111935,EE0001573
06/30/2026,OW0023940,MCDONALD'S CORPORATION,FA0024164,MCDONALD'S #4431,PR0005451,MC DONALDS #4431,ACTIVE,1637,RESTAURANT (61-150) SEATS MODERATE RISK,1845 S LA CIENEGA BLVD,LOS ANGELES,CA,90035,001,ROUTINE INSPECTION,94,A,DA6112189,EE0001598
06/30/2026,OW0004188,BEAN BY BEAN LLC,FA0040254,METRO CAFE,PR0048313,METRO CAFE,ACTIVE,1635,RESTAURANT (31-60) SEATS HIGH RISK,11188 WASHINGTON PL,CULVER CITY,CA,90232,001,ROUTINE INSPECTION,98,A,DA6117592,EE0001452
06/30/2026,OW0035309,"TERRAMANI, DANTE",FA0024675,MEXICATESSEN,PR0001018,MEXICATESSEN,ACTIVE,1632,RESTAURANT (0-30) SEATS HIGH RISK,830 S ATLANTIC BLVD,MONTEREY PARK,CA,91754,001,ROUTINE INSPECTION,90,A,DA6110997,EE0001119
06/30/2026,OW0261071,MI RANCHITO 6TH STREET EAST,FA0271147,MI RANCHITO MEXICAN GRILL,PR0223832,MI RANCHITO MEXICAN GRILL,ACTIVE,1638,RESTAURANT (61-150) SEATS HIGH RISK,569 E PALMDALE BLVD,PALMDALE,CA,93550,001,ROUTINE INSPECTION,91,A,DA6111136,EE0001665
06/30/2026,OW0180595,MIDICI LLC,FA0173838,MIDICI NEOPOLITAN PIZZA,PR0166652,MIDICI,ACTIVE,1638,RESTAURANT (61-150) SEATS HIGH RISK,14612 VENTURA BLVD,SHERMAN OAKS,CA,91403,001,ROUTINE INSPECTION,91,A,DA6111880,EE0000874
06/30/2026,OW0366295,MAHA  WANNES,FA0401812,MIKE'S BEVERAGE SHOP,PR0368748,MIKE'S BEVERAGE SHOP,ACTIVE,1613,"FOOD MKT RETAIL (2,000+ SF) LOW RISK",42263 S 50TH ST # 101,QUARTZ HILL,CA,93536,001,ROUTINE INSPECTION,100,A,DA6119237,EE0001537
06/30/2026,OW0265623,"AMHERST KITCHEN , LLC",FA0276448,MILLCROSS COFFEE BAR AND KITCHEN,PR0230047,MILLCROSS COFFEE BAR AND KITCHEN,ACTIVE,1632,RESTAURANT (0-30) SEATS HIGH RISK,11050 WASHINGTON BLVD,CULVER CITY,CA,90232,001,ROUTINE INSPECTION,97,A,DA6117581,EE0001452
06/30/2026,OW0268651,"DAVID TEWASART, INC",FA0311953,MIYA,PR0270614,MIYA,ACTIVE,1632,RESTAURANT (0-30) SEATS HIGH RISK,2470 LAKE AVE,ALTADENA,CA,91001,001,ROUTINE INSPECTION,91,A,DA6114757,EE0000242
06/30/2026,OW0366006,MODU NOODLE INC,FA0401479,MODU MIAN DIAN,PR0368368,MODU MIAN DIAN,ACTIVE,1632,RESTAURANT (0-30) SEATS HIGH RISK,18414 COLIMA RD STE Q,ROWLAND HEIGHTS,CA,91748,001,ROUTINE INSPECTION,90,A,DA6111980,EE0001499
06/30/2026,OW0298838,MR HK GROUP,FA0321555,MR CHOPSTICKS BBQ RESTAURANT,PR0281208,MR CHOPSTICKS BBQ RESTAURANT,ACTIVE,1638,RESTAURANT (61-150) SEATS HIGH RISK,10990 LOWER AZUSA RD 10,EL MONTE,CA,91731,001,ROUTINE INSPECTION,92,A,DA6112118,EE0001480
06/30/2026,OW0009687,DELGADILL LETICIA,FA0067269,MR CHURRO BAKERY,PR0021607,MR CHURRO BAKERY,ACTIVE,1632,RESTAURANT (0-30) SEATS HIGH RISK,849 N ALAMEDA ST # #E112,LOS ANGELES,CA,90012,001,ROUTINE INSPECTION,90,A,DA6111671,EE0001636
06/30/2026,OW0328135,MY CAFE & LOUNGE,FA0354692,MY CAFE & LOUNGE,PR0315556,MY CAFE & LOUNGE,ACTIVE,1638,RESTAURANT (61-150) SEATS HIGH RISK,151 S ARTSAKH AVE,GLENDALE,CA,91205,001,ROUTINE INSPECTION,90,A,DA6112578,EE0000318
06/30/2026,OW0265226,"GOODNRG, INC",FA0275975,NEIGHBARISTA,PR0229395,NEIGHBARISTA,ACTIVE,1635,RESTAURANT (31-60) SEATS HIGH RISK,23120 LYONS AVE # 24/25,SANTA CLARITA,CA,91321,001,ROUTINE INSPECTION,91,A,DA6111945,EE0001453
06/30/2026,OW0305472,SLAC NEIGHBORHOOD GRILL NHM LL,FA0330059,NEIGHBORHOOD GRILL,PR0290294,NEIGHBORHOOD GRILL,ACTIVE,1640,RESTAURANT (151 + ) SEATS MODERATE RISK,900 EXPOSITION BLVD,LOS ANGELES,CA,90007,001,ROUTINE INSPECTION,91,A,DA6112362,EE0001586
06/30/2026,OW0277085,ONE BITE DUMPLING INC,FA0292299,ONE BITE DUMPLING,PR0248283,ONE BITE DUMPLING,ACTIVE,1635,RESTAURANT (31-60) SEATS HIGH RISK,23120 LYONS AVE # 6&7,SANTA CLARITA,CA,91321,001,ROUTINE INSPECTION,90,A,DA6111946,EE0001453
06/30/2026,OW0248562,"MI CHIN DINING GROUP, INC",FA0255666,ONI SUSHI,PR0205372,ONI SUSHI,ACTIVE,1638,RESTAURANT (61-150) SEATS HIGH RISK,300 N INDIAN HILL BLVD,CLAREMONT,CA,91711,401,OWNER INITIATED INSPECTION,94,A,DA6112040,EE0001594
06/30/2026,OW0326305,LESLIE'S JUICE BAR LLC,FA0352577,ORGANICA JUICE BAR,PR0313357,ORGANICA JUICE BAR,ACTIVE,1631,RESTAURANT (0-30) SEATS MODERATE RISK,1505 W BEVERLY BLVD,MONTEBELLO,CA,90640,001,ROUTINE INSPECTION,92,A,DA6112233,EE0001393
06/30/2026,OW0299996,WENDY CHEN,FA0323315,ORIENTAL HOUSE RESTAURANT,PR0283064,ORIENTAL HOUSE RESTAURANT,ACTIVE,1632,RESTAURANT (0-30) SEATS HIGH RISK,2302 S LA CIENEGA BLVD,LOS ANGELES,CA,90034,001,ROUTINE INSPECTION,97,A,DA6111894,EE0001598
06/30/2026,OW0254225,"CERCA TROVA STEAKHOUSE, LP",FA0262777,OUTBACK STEAKHOUSE,PR0213579,OUTBACK STEAKHOUSE,ACTIVE,1641,RESTAURANT (151 + ) SEATS HIGH RISK,1761 N VICTORY PL,BURBANK,CA,91504,001,ROUTINE INSPECTION,100,A,DA6114549,EE0000922
06/30/2026,OW0030197,RISEN BREAD LLC,FA0043756,PANERA BREAD,PR0017391,PANERA BREAD,ACTIVE,1641,RESTAURANT (151 + ) SEATS HIGH RISK,19185 GOLDEN VALLEY RD,CANYON COUNTRY,CA,91351,001,ROUTINE INSPECTION,92,A,DA6113694,EE0001667
06/30/2026,OW0329607,PARTAKE OC 002 LLC,FA0356526,PARTAKE COLLECTIVE,PR0317597,PARTAKE COLLECTIVE - BAR/KITCHEN,ACTIVE,1632,RESTAURANT (0-30) SEATS HIGH RISK,3729 VERDUGO RD,LOS ANGELES,CA,90065,001,ROUTINE INSPECTION,100,A,DA6113038,EE0000234
06/30/2026,OW0033792,"SPILLARI, CELESTE",FA0027949,PASEO CHAPIN,PR0029614,PASEO CHAPIN,ACTIVE,1638,RESTAURANT (61-150) SEATS HIGH RISK,2220 W 7TH ST,LOS ANGELES,CA,90057,001,ROUTINE INSPECTION,91,A,DA6113836,EE0001662
06/30/2026,OW0249692,REDHEAD KITCHEN LLC,FA0257128,PASTA SISTERS,PR0206970,PASTA SISTERS,ACTIVE,1638,RESTAURANT (61-150) SEATS HIGH RISK,3280 HELMS AVE,CULVER CITY,CA,90232,001,ROUTINE INSPECTION,94,A,DA6112997,EE0001601
06/30/2026,OW0249868,PHOVORITE LLC,FA0257398,PHOVORITE,PR0207296,PHOVORITE,ACTIVE,1632,RESTAURANT (0-30) SEATS HIGH RISK,10026 VENICE BLVD,CULVER CITY,CA,90232,401,OWNER INITIATED INSPECTION,84,B,DA6112918,EE0001601
06/30/2026,OW0326566,"HUA ZHI LONG, INC",FA0352878,PIXIU MALA HONGTANG,PR0313684,IXIU MALA HONGTANG,ACTIVE,1635,RESTAURANT (31-60) SEATS HIGH RISK,425 S WESTERN AVE STE E,LOS ANGELES,CA,90020,001,ROUTINE INSPECTION,97,A,DA6112916,EE0001520
06/30/2026,OW0268682,PEDRO MARTINEZ FLORES,FA0280047,PIZZA USA,PR0234604,PIZZA USA,ACTIVE,1631,RESTAURANT (0-30) SEATS MODERATE RISK,10220 ALONDRA BLVD,BELLFLOWER,CA,90706,001,ROUTINE INSPECTION,92,A,DA6116996,EE0001507
06/30/2026,OW0024101,"MEJIA, MARIA ISABEL",FA0028696,PLACITA CAFE,PR0025559,PLACITA CAFE,ACTIVE,1631,RESTAURANT (0-30) SEATS MODERATE RISK,711 N MAIN ST STE #105,LOS ANGELES,CA,90012,001,ROUTINE INSPECTION,90,A,DA6111780,EE0001636
06/30/2026,OW0300672,DELITALY,FA0324180,POTATO CHIPS DELI,PR0283943,POTATO CHIPS DELI,ACTIVE,1631,RESTAURANT (0-30) SEATS MODERATE RISK,1111 N FAIRFAX AVE 108,LOS ANGELES,CA,90046,001,ROUTINE INSPECTION,94,A,DA6114022,EE0001660
06/30/2026,OW0028997,PRESSED JUICERY INC,FA0223950,PRESSED JUICERY,PR0179110,PRESSED JUICERY - THE GROVE,ACTIVE,1631,RESTAURANT (0-30) SEATS MODERATE RISK,189 THE GROVE DR # K4,LOS ANGELES,CA,90036,001,ROUTINE INSPECTION,96,A,DA6112188,EE0001632
06/30/2026,OW0262437,MARIA MARTINEZ,FA0272765,PUPUSERIA RIO LEMPA,PR0225645,PUPUSERIA RIO LEMPA,ACTIVE,1635,RESTAURANT (31-60) SEATS HIGH RISK,2630 SATURN AVE,HUNTINGTON PARK,CA,90255,401,OWNER INITIATED INSPECTION,91,A,DA6113299,EE0001508
06/30/2026,OW0304664,REC LA LLC,FA0329077,RAMEN AKIRA,PR0289205,RAMEN AKIRA,ACTIVE,1632,RESTAURANT (0-30) SEATS HIGH RISK,2716 W OLYMPIC BLVD STE 101,LOS ANGELES,CA,90006,001,ROUTINE INSPECTION,93,A,DA6114208,EE0001591
06/30/2026,OW0030965,"RUELAS, ANDRES",FA0045455,RASPADO XPRESS,PR0046868,RASPADO XPRESS,ACTIVE,1631,RESTAURANT (0-30) SEATS MODERATE RISK,3052 E FLORENCE AVE,HUNTINGTON PARK,CA,90255,001,ROUTINE INSPECTION,91,A,DA6111850,EE0001219
06/30/2026,OW0003880,"BANGBOR, KHUNHATAI",FA0046802,ROONG-FAH RESTAURANT,PR0030717,ROONG-FAH RESTAURANT,ACTIVE,1635,RESTAURANT (31-60) SEATS HIGH RISK,4507 E VALLEY BLVD STE #101,LOS ANGELES,CA,90032,001,ROUTINE INSPECTION,77,C,DA6114327,EE0001587
06/30/2026,OW0260353,AMNART SARARAK,FA0270314,ROYAL'S TASTE,PR0222890,ROYAL'S TASTE,ACTIVE,1632,RESTAURANT (0-30) SEATS HIGH RISK,14232 BELLFLOWER BLVD,BELLFLOWER,CA,90706,001,ROUTINE INSPECTION,82,B,DA6118306,EE0001477
06/30/2026,OW0031994,"SCO, LLC SHAKEY'S PIZZA",FA0070342,SHAKEY'S PIZZA PARLOR,PR0040554,SHAKEY'S PIZZA,ACTIVE,1640,RESTAURANT (151 + ) SEATS MODERATE RISK,9290 E WHITTIER BLVD,PICO RIVERA,CA,90660,001,ROUTINE INSPECTION,92,A,DA6112542,EE0001482
06/30/2026,OW0329850,GRAFTON STREET BOTTLE SHOP LLC,FA0356805,SHIM SHAM,PR0317896,SHIM SHAM,ACTIVE,1633,RESTAURANT (31-60) SEATS LOW RISK,3123 BEVERLY BLVD,LOS ANGELES,CA,90057,001,ROUTINE INSPECTION,92,A,DA6111897,EE0001642
06/30/2026,OW0303017,CHARM BENJARONG GROUP,FA0327059,SILVER SPOONS THAI BBQ HOUSE,PR0287017,SILVER SPOONS THAI BBQ HOUSE,ACTIVE,1635,RESTAURANT (31-60) SEATS HIGH RISK,233 GENTLE SPRINGS LN,DIAMOND BAR,CA,91765,001,ROUTINE INSPECTION,81,B,DA6112666,EE0001285
06/30/2026,OW0027090,P M K INC,FA0033302,SIMPLY WHOLESOME,PR0041686,SIMPLY WHOLESOME,ACTIVE,1635,RESTAURANT (31-60) SEATS HIGH RISK,4508 W SLAUSON AVE,LOS ANGELES,CA,90043,001,ROUTINE INSPECTION,90,A,DA6113063,EE0001564
06/30/2026,OW0018662,"KEELING,PERCELL M",FA0048571,SIMPLY WHOLESOME,PR0019571,SIMPLY WHOLESOME,ACTIVE,1611,"FOOD MKT RETAIL (1-1,999 SF) MODERATE RISK",4508 W SLAUSON AVE,LOS ANGELES,CA,90043,001,ROUTINE INSPECTION,98,A,DA6113093,EE0001564
06/30/2026,OW0022855,MAGIC MOUNTAIN LLC,FA0170678,SIX FLAGS MAGIC MOUNTAIN & SIX FLAGS HURRICANE HARBOR,PR0023178,PLAZA CAFE,ACTIVE,1631,RESTAURANT (0-30) SEATS MODERATE RISK,26101 MAGIC MOUNTAIN PKWY,VALENCIA,CA,91355,001,ROUTINE INSPECTION,96,A,DA6115627,EE0000045
06/30/2026,OW0033212,SMART & FINAL STORES LLC,FA0239181,SMART & FINAL #735,PR0187145,SMART & FINAL #735 - KITCHEN AND MEAT DEPT,ACTIVE,1612,"FOOD MKT RETAIL (1-1,999 SF) HIGH RISK",1833 S LA CIENEGA BLVD,LOS ANGELES,CA,90035,001,ROUTINE INSPECTION,98,A,DA6112056,EE0001598
06/30/2026,OW0034037,"STONE OVEN SHO, INC",FA0048989,STONE OWEN REMOTE PREP,PR0020064,STONE OWEN REMOTE PREP,ACTIVE,1631,RESTAURANT (0-30) SEATS MODERATE RISK,14006 RIVERSIDE DR STE 273,SHERMAN OAKS,CA,91423,001,ROUTINE INSPECTION,97,A,DA6113290,EE0000707
06/30/2026,OW0034484,SUPER TOCHAL INC,FA0071465,SUPER TOCHAL,PR0018491,SUPER TOCHAL,ACTIVE,1612,"FOOD MKT RETAIL (1-1,999 SF) HIGH RISK",1418 WESTWOOD BLVD,LOS ANGELES,CA,90024,001,ROUTINE INSPECTION,95,A,DA6112881,EE0001478
06/30/2026,OW0327363,SWEET ETHANS LLC,FA0353801,SWEET ETHAN CANDY CAFE,PR0314660,SWEET ETHAN CANDY CAFE,ACTIVE,1630,RESTAURANT (0-30) SEATS LOW RISK,1 N INDIAN HILL BLVD,CLAREMONT,CA,92717,001,ROUTINE INSPECTION,94,A,DA6112735,EE0001378
06/30/2026,OW0302242,SWEETFIN BEVERLY HILLS LLC,FA0326159,SWEETFIN,PR0286032,SWEETFIN,ACTIVE,1632,RESTAURANT (0-30) SEATS HIGH RISK,193 1/2 S BEVERLY DR,BEVERLY HILLS,CA,90212,001,ROUTINE INSPECTION,97,A,DA6113107,EE0001658
06/30/2026,OW0326098,"T'AN CAFE, INC",FA0352331,"T'AN CAFE, INC",PR0313086,"T'AN CAFE, INC",ACTIVE,1632,RESTAURANT (0-30) SEATS HIGH RISK,14214 BELLFLOWER BLVD,BELLFLOWER,CA,90706,001,ROUTINE INSPECTION,94,A,DA6118323,EE0001477
06/30/2026,OW0286470,LETICIA GARCIA,FA0304001,TACOS LA OPCION MEXICAN GRILL,PR0261841,TACOS LA OPCION MEXICAN GRILL,ACTIVE,1632,RESTAURANT (0-30) SEATS HIGH RISK,13322 W WASHINGTON BLVD,LOS ANGELES,CA,90066,001,ROUTINE INSPECTION,97,A,DA6113323,EE0001430
06/30/2026,OW0329140,TR808 LLC,FA0355917,THAI BBQ HOLLYWOOD,PR0316921,THAI BBQ HOLLYWOOD,ACTIVE,1635,RESTAURANT (31-60) SEATS HIGH RISK,5324 HOLLYWOOD BLVD,LOS ANGELES,CA,90027,001,ROUTINE INSPECTION,81,B,DA6111787,EE0001642
06/30/2026,OW0023976,MCNAMARA INVESTMENT,FA0051588,THAI ORIGINAL BBQ,PR0022881,THAI ORIGINAL BBQ,ACTIVE,1638,RESTAURANT (61-150) SEATS HIGH RISK,4055 W 3RD ST,LOS ANGELES,CA,90020,001,ROUTINE INSPECTION,89,B,DA6111988,EE0001562
06/30/2026,OW0365932,WASSEF & MANSOUR LLC,FA0401386,THE CRAFTSMAN BREWS & BITES,PR0368245,THE CRAFTSMAN BREWS & BITES,ACTIVE,1635,RESTAURANT (31-60) SEATS HIGH RISK,1817 S CATALINA AVE,REDONDO BEACH,CA,90277,001,ROUTINE INSPECTION,94,A,DA6112600,EE0000486
06/30/2026,OW0236966,"THE HISTORIC BAR, INC",FA0240961,THE EDMON HISTORIC BAR,PR0189023,THE EDMON HISTORIC BAR,ACTIVE,1638,RESTAURANT (61-150) SEATS HIGH RISK,5168 MELROSE AVE,LOS ANGELES,CA,90038,001,ROUTINE INSPECTION,95,A,DA6113148,EE0001597
06/30/2026,OW0130200,GABRIELA HERNANDEZ,FA0167126,THE INDUSTRY BAR,PR0157476,THE INDUSTRY BAR,ACTIVE,1631,RESTAURANT (0-30) SEATS MODERATE RISK,15323 GALE AVE,INDUSTRY,CA,91745,001,ROUTINE INSPECTION,95,A,DA6112099,EE0001499
06/30/2026,OW0236259,SEONG KYONG,FA0240096,THE KIM BAP,PR0188102,THE KIM BAP,ACTIVE,1635,RESTAURANT (31-60) SEATS HIGH RISK,400 S WESTERN AVE # 102,LOS ANGELES,CA,90020,001,ROUTINE INSPECTION,94,A,DA6111623,EE0001520
06/30/2026,OW0032291,SETIAN RAFFY,FA0052069,THE LAHMAJUNE FACTORY,PR0046387,THE LAHMAJUNE FACTORY,ACTIVE,1631,RESTAURANT (0-30) SEATS MODERATE RISK,1139 E BROADWAY,GLENDALE,CA,91205,001,ROUTINE INSPECTION,100,A,DA6112570,EE0000424
06/30/2026,OW0287460,LIFE WORKS DBA ARAMARK,FA0305260,THE ORCHARD CAFE,PR0263217,THE ORCHARD CAFE,ACTIVE,1635,RESTAURANT (31-60) SEATS HIGH RISK,11444 W OLYMPIC BLVD,LOS ANGELES,CA,90036,001,ROUTINE INSPECTION,90,A,DA6114103,EE0001321
06/30/2026,OW0295861,PINEDA DIAZ INC,FA0317554,TIPICOS MARTHA,PR0276676,TIPICOS MARTHA,ACTIVE,1632,RESTAURANT (0-30) SEATS HIGH RISK,2220 E PALMDALE BLVD STE E,PALMDALE,CA,93550,001,ROUTINE INSPECTION,92,A,DA6111723,EE0001442
06/30/2026,OW0254666,TITYA CHEA,FA0263325,TOP DONUT,PR0214227,TOP DONUT,ACTIVE,1631,RESTAURANT (0-30) SEATS MODERATE RISK,10990 LOWER AZUSA RD STE 18,EL MONTE,CA,91731,001,ROUTINE INSPECTION,97,A,DA6111985,EE0001480
06/30/2026,OW0033351,"SODEXO AMERICA, LLC",FA0307185,TRES HABANEROS,PR0265344,TRES HABANEROS,ACTIVE,1635,RESTAURANT (31-60) SEATS HIGH RISK,12401 WASHINGTON BLVD,WHITTIER,CA,90602,001,ROUTINE INSPECTION,98,A,DA6112069,EE0000392
06/30/2026,OW0298852,BINGDOA,FA0321570,UMAMI BISTRO,PR0281222,UMAMI BISTRO,ACTIVE,1631,RESTAURANT (0-30) SEATS MODERATE RISK,19745 COLIMA RD #2,ROWLAND HEIGHTS,CA,91748,001,ROUTINE INSPECTION,82,B,DA6112863,EE0001288
06/30/2026,OW0290370,UNINCORPORATED COFFEE ROASTERS,FA0319437,UNINCORPORATED COFFEE ROASTERS,PR0278960,UNICORPORATED COFFEE ROASTERS,ACTIVE,1631,RESTAURANT (0-30) SEATS MODERATE RISK,3045 LINCOLN AVE,ALTADENA,CA,91001,001,ROUTINE INSPECTION,98,A,DA6113489,EE0000242
06/30/2026,OW0277329,"METTA GROUP, LLC",FA0292591,VARIABLE CAFE,PR0248641,VARIABLE CAFE,ACTIVE,1631,RESTAURANT (0-30) SEATS MODERATE RISK,13350 W WASHINGTON BLVD,LOS ANGELES,CA,90066,001,ROUTINE INSPECTION,96,A,DA6113505,EE0001430
06/30/2026,OW0366597,VUI VE NOHO LLC,FA0402161,VUI VE,PR0369150,VUI VE,ACTIVE,1635,RESTAURANT (31-60) SEATS HIGH RISK,11040 MAGNOLIA BLVD,NORTH HOLLYWOOD,CA,91601,001,ROUTINE INSPECTION,93,A,DA6112411,EE0000516
06/30/2026,OW0248895,WKS FROSTY CORPORATION,FA0256138,WENDY'S #88240,PR0205902,WENDY'S #88240,ACTIVE,1637,RESTAURANT (61-150) SEATS MODERATE RISK,1575 N VICTORY PL,BURBANK,CA,91502,001,ROUTINE INSPECTION,96,A,DA6114589,EE0000922
06/30/2026,OW0117319,"WETZEL PRETZEL, LLC",FA0224536,WETZEL'S PRETZELS,PR0179776,WETZEL'S PRETZELS,ACTIVE,1631,RESTAURANT (0-30) SEATS MODERATE RISK,101 THE GROVE DR,LOS ANGELES,CA,90036,001,ROUTINE INSPECTION,96,A,DA6112220,EE0001632
06/30/2026,OW0365571,AVETISYAN ENTERPRISES INC,FA0400989,WHATA PEACH,PR0367793,WHATA PEACH,ACTIVE,1631,RESTAURANT (0-30) SEATS MODERATE RISK,453 S GLENOAKS BLVD,BURBANK,CA,91502,001,ROUTINE INSPECTION,98,A,DA6112287,EE0001237
06/30/2026,OW0040037,YUM YUM DONUT SHOPS INC,FA0136879,WINCHELL'S DONUT HOUSE #9889,PR0120884,WINCHELL'S DONUTS,ACTIVE,1631,RESTAURANT (0-30) SEATS MODERATE RISK,6101 PACIFIC BLVD,HUNTINGTON PARK,CA,90255,001,ROUTINE INSPECTION,76,C,DA6111965,EE0001573
06/30/2026,OW0039320,WSONE-55 INC,FA0074103,WINGSTOP #458,PR0016355,WINGSTOP #W0458,ACTIVE,1631,RESTAURANT (0-30) SEATS MODERATE RISK,6734 SEPULVEDA BLVD,VAN NUYS,CA,91411,001,ROUTINE INSPECTION,90,A,DA6113977,EE0000801
06/30/2026,OW0291771,WOLFGANG PUCK CATERING EVENTS,FA0311046,WOLFGANG PUCK CATERING CU01 E-BAR,PR0269632,WOLFGANG PUCK CATERING CU01 E-BAR,ACTIVE,1630,RESTAURANT (0-30) SEATS LOW RISK,8550 HIGUERA ST,CULVER CITY,CA,90232,001,ROUTINE INSPECTION,95,A,DA6111836,EE0001164
06/30/2026,OW0291771,WOLFGANG PUCK CATERING EVENTS,FA0310990,WOLFGANG PUCK CATERING CU02 CAFE,PR0269595,WOLFGANG PUCK CATERING CU02 CAFE,ACTIVE,1635,RESTAURANT (31-60) SEATS HIGH RISK,8600 HAYDEN PL,CULVER CITY,CA,90232,001,ROUTINE INSPECTION,95,A,DA6111821,EE0001164
06/30/2026,OW0006817,CG YOGURT LLC,FA0240038,YOGURTLAND,PR0188041,YOGURTLAND,ACTIVE,1631,RESTAURANT (0-30) SEATS MODERATE RISK,6021 PACIFIC BLVD # 101,HUNTINGTON PARK,CA,90255,001,ROUTINE INSPECTION,95,A,DA6111683,EE0001503
06/30/2026,OW0266958,"ZHENGYALOV HATZ, INC",FA0277968,ZHENGYALOV HATZ,PR0231923,ZHENGYALOV HATZ,ACTIVE,1631,RESTAURANT (0-30) SEATS MODERATE RISK,318 E BROADWAY,GLENDALE,CA,91203,001,ROUTINE INSPECTION,90,A,DA6113572,EE0001432
